L,p0.011_mean,p0.011_error,p0.012_mean,p0.012_error,p0.013_mean,p0.013_error,p0.014_mean,p0.014_error,p0.015_mean,p0.015_error,p0.016_mean,p0.016_error,p0.017_mean,p0.017_error,p0.018_mean,p0.018_error,p0.019_mean,p0.019_error
5,251.1400000000005,249.8561594197741,205.00000000000026,205.55631831690272,154.33000000000027,145.60546383978843,126.34000000000005,118.4955881035241,102.21000000000016,103.81433378874014,84.05000000000027,79.64230973546627,69.65000000000008,62.14963797159226,60.47000000000013,53.29426892265231,53.06000000000012,46.41590675619711
7,448.1499999999999,471.3693641933051,308.3400000000004,296.1311270366552,226.00000000000017,212.7444476361249,165.09000000000012,152.87770242909838,130.93000000000004,132.9414724606284,102.06000000000012,95.68989706337855,83.86000000000016,77.9211165217746,69.72000000000014,65.16840952486089,57.840000000000096,50.67676390615315
9,611.8000000000001,558.3115259422832,402.8499999999997,393.2548505740271,285.2199999999999,286.4774888189298,198.40000000000006,196.25249043005772,152.1200000000003,143.2819095350142,113.72000000000006,106.70220991151018,86.42000000000009,85.90799497136442,66.98000000000022,58.97185430355703,56.610000000000085,49.0062026686416
13,1411.62,1368.7969080911885,798.8699999999999,765.1130786360918,482.52999999999986,471.3695992530701,293.51999999999936,294.4204639626809,207.61999999999995,200.48924060906594,148.14000000000024,143.21012673690345,99.44000000000005,93.95151089790953,74.1700000000001,60.59299546977342,59.720000000000226,50.425406294842794
19,3396.8,3468.426928738735,1533.4999999999986,1536.1959347687396,769.499999999999,775.1027996337011,430.14999999999986,410.44497499664976,244.57000000000016,224.7607952913492,145.3200000000001,129.69848726951295,95.50000000000017,82.68101353998965,72.14000000000003,57.673394212583005,51.06000000000015,39.500334175801484
